Apparel, Availability:Author:Brand:BrowseNode:Keywords:Manufacturer:MaximumPrice:MinimumPrice:Sort:Title
Appliances, Availability:Author:Brand:BrowseNode:Keywords:Manufacturer:MaximumPrice:MinimumPrice:Sort:Title
Automotive, Availability:Brand:BrowseNode:Keywords:Manufacturer:MaximumPrice:MinimumPrice:Sort:Title
Baby, Availability:Author:Brand:BrowseNode:Keywords:Manufacturer:MaximumPrice:MinimumPrice:Sort:Title
Beauty, Availability:Author:Brand:BrowseNode:Keywords:Manufacturer:MaximumPrice:MinimumPrice:Sort:Title
Books, Author:Availability:BrowseNode:Keywords:MaximumPrice:MinimumPrice:Power:Publisher:Sort:Title
Electronics, Author:Availability:BrowseNode:Keywords:Manufacturer:MaximumPrice:MinimumPrice:Sort:Title
Grocery, Availability:Brand:BrowseNode:Keywords:Manufacturer:MaximumPrice:MinimumPrice:Sort:Title
HealthPersonalCare, Availability:Author:Brand:BrowseNode:Keywords:Manufacturer:MaximumPrice:MinimumPrice:Sort:Title
Home, Availability:Author:Brand:BrowseNode:Keywords:Manufacturer:MaximumPrice:MinimumPrice:Sort:Title
HomeImprovement, Availability:Brand:BrowseNode:Keywords:Manufacturer:MaximumPrice:MinimumPrice:Sort:Title
Jewelry, Availability:BrowseNode:Keywords:Sort:Title
KindleStore, Author:Availability:BrowseNode:Keywords:MaximumPrice:MerchantId:MinimumPrice:Publisher:Sort:Title
Misc, Availability:Author:Brand:BrowseNode:Keywords:Manufacturer:MaximumPrice:MinimumPrice:Sort:Title
Music, Artist:Availability:BrowseNode:Keywords:MaximumPrice:MinimumPrice:MusicLabel:ReleaseDate:Sort:Title
OfficeProducts, Availability:Brand:BrowseNode:Keywords:MaximumPrice:MinimumPrice:Sort:Title
PetSupplies, Availability:Author:Brand:BrowseNode:Keywords:Manufacturer:MaximumPrice:MerchantId:MinimumPrice:Sort:Title
Photo, Availability:Author:Brand:BrowseNode:Keywords:Manufacturer:MaximumPrice:MinimumPrice:Sort:Title
Shoes, Availability:Brand:BrowseNode:Keywords:Manufacturer:MaximumPrice:MinimumPrice:Sort:Title
Software, Availability:Author:Brand:BrowseNode:Keywords:Manufacturer:MaximumPrice:MinimumPrice:Sort:Title
SportingGoods, Availability:BrowseNode:Keywords:Manufacturer:MaximumPrice:MinimumPrice:Sort:Title
Toys, Availability:BrowseNode:Keywords:Manufacturer:MaximumPrice:MinimumPrice:Sort:Title
Video, Actor:Availability:BrowseNode:Director:Keywords:MaximumPrice:MinimumPrice:Publisher:Sort:Title
VideoGames, Availability:Author:Brand:BrowseNode:Keywords:Manufacturer:MaximumPrice:MinimumPrice:ReleaseDate:Sort:Title
Watches, Availability:BrowseNode:Keywords:MinimumPrice:Sort:Title