Baby, Author:Availability:Brand:BrowseNode:DeliveryMethod:Keywords:Manufacturer:MaximumPrice:MerchantId:MinimumPrice:Sort:Title
Beauty, Availability:Author:Brand:BrowseNode:DeliveryMethod:Keywords:Manufacturer:MaximumPrice:MerchantId:MinimumPrice:Sort:Title
Blended, Keywords
Books, Author:BrowseNode:Condition:Count:ItemPage:Keywords:MaximumPrice:MinimumPrice:Power:Publisher:Sort:Title
Classical, Author:BrowseNode:Composer:Condition:Conductor:Count:ItemPage:Keywords:MaximumPrice:MinimumPrice:MusicLabel:Sort:Title
DVD, Actor:AudienceRating:BrowseNode:Condition:Count:Director:ItemPage:Keywords:MaximumPrice:MinimumPrice:Publisher:Sort:Title
Electronics, BrowseNode:Condition:Count:ItemPage:Keywords:Manufacturer:MaximumPrice:MinimumPrice:ReleaseDate:Sort:Title
ForeignBooks, BrowseNode:Condition:Count:ItemPage:Keywords:MaximumPrice:MinimumPrice:Power:Publisher:Sort:Title
HealthPersonalCare, Availability:Author:Brand:BrowseNode:DeliveryMethod:Keywords:Manufacturer:MaximumPrice:MerchantId:MinimumPrice:Sort:Title
KindleStore, Author:Availability:BrowseNode:Keywords:MaximumPrice:MerchantId:MinimumPrice:Publisher:Sort:Title
Kitchen, Availability:Brand:BrowseNode:Keywords:Manufacturer:MaximumPrice:MinimumPrice:Sort:Title
LawnGarden, Availability:Author:Brand:BrowseNode:DeliveryMethod:ItemPage:Keywords:Manufacturer:MaximumPrice:MerchantId:MinimumPrice:Sort:Title
Music, Artist:BrowseNode:Condition:Count:ItemPage:Keywords:MaximumPrice:MinimumPrice:MusicLabel:Power:Sort:Title
PetSupplies, Availability:Author:Brand:BrowseNode:Keywords:Manufacturer:MaximumPrice:MerchantId:MinimumPrice:Sort:Title
Software, BrowseNode:Condition:Count:ItemPage:Keywords:Manufacturer:MaximumPrice:MinimumPrice:Sort:Title
SoftwareVideoGames, Author:BrowseNode:Condition:Count:ItemPage:Keywords:Manufacturer:MaximumPrice:MinimumPrice:Sort:Title
VHS, Actor:BrowseNode:Condition:Count:Director:ItemPage:Keywords:MaximumPrice:MinimumPrice:Publisher:Sort:Title
Video, Actor:AudienceRating:BrowseNode:Condition:Count:Director:ItemPage:Keywords:MaximumPrice:MinimumPrice:Publisher:Sort:Title
VideoGames, Author:Brand:BrowseNode:Condition:Count:ItemPage:Keywords:Manufacturer:MaximumPrice:MinimumPrice:Sort:Title