Apparel, Brand:BrowseNode:Condition:ItemPage:Keywords:Manufacturer:MaximumPrice:MerchantId:MinimumPrice:MinPercentageOff:Sort:Title
Appliances, Availability:Brand:BrowseNode:Keywords:Manufacturer:MaximumPrice:MerchantId:MinimumPrice:MinPercentageOff:Sort:Title
ArtsAndCrafts, Availability:Brand:BrowseNode:Keywords:Manufacturer:MaximumPrice:MerchantId:MinimumPrice:MinPercentageOff:Sort:Title
Automotive, Brand:BrowseNode:Condition:ItemPage:Keywords:Manufacturer:MaximumPrice:MerchantId:MinimumPrice:MinPercentageOff:Sort:Title
Baby, Brand:BrowseNode:Condition:ItemPage:Keywords:Manufacturer:MaximumPrice:MerchantId:MinimumPrice:MinPercentageOff:Sort:Title
Beauty, Brand:BrowseNode:Condition:ItemPage:Keywords:Manufacturer:MaximumPrice:MerchantId:MinimumPrice:MinPercentageOff:Sort:Title
Blended, Keywords
Books, Author:BrowseNode:Condition:ItemPage:Keywords:MaximumPrice:MerchantId:MinimumPrice:Power:Publisher:Sort:Title
Classical, Artist:Author:Availability:BrowseNode:Composer:Conductor:Count:Format:ItemPage:Keywords:Magazines:MusicLabel:Orchestra:Performer:Sort:Title
Collectibles, Artist:Author:Availability:BrowseNode:Composer:Conductor:DeliveryMethod:Keywords:MaximumPrice:MerchantId:MinimumPrice:MusicLabel:Orchestra:Title
DigitalMusic, Actor:BrowseNode:Condition:Director:ItemPage:Keywords:MaximumPrice:MerchantId:MinimumPrice:Sort:Title
Grocery, Availability:Brand:BrowseNode:MaximumPrice:MerchantId:MinimumPrice:Keywords:Sort:Title
DVD, Actor:AudienceRating:Availability:BrowseNode:Count:Director:Format:ItemPage:Keywords:Magazines:Performer:Publisher:Sort:Title
Electronics, BrowseNode:Condition:ItemPage:Keywords:Manufacturer:MaximumPrice:MerchantId:MinimumPrice:Sort:Title
HealthPersonalCare, Brand:BrowseNode:Condition:ItemPage:Keywords:Manufacturer:MaximumPrice:MerchantId:MinimumPrice:MinPercentageOff:Sort:Title
HomeGarden, Brand:BrowseNode:Condition:ItemPage:Keywords:Manufacturer:MaximumPrice:MerchantId:MinimumPrice:MinPercentageOff:Sort:Title
Industrial, BrowseNode:Keywords:Manufacturer:Title
Jewelry, BrowseNode:Condition:ItemPage:Keywords:MaximumPrice:MerchantId:MinimumPrice:MinPercentageOff:Sort:Title
KindleStore, Author:BrowseNode:Condition:ItemPage:Keywords:MaximumPrice:MerchantId:MinimumPrice:Power:Publisher:Sort:Title
Kitchen, Brand:BrowseNode:Condition:Manufacturer:MaximumPrice:MerchantId:MinimumPrice:MinPercentageOff:ItemPage:Keywords:Sort:Title
LawnGarden, Availability:Brand:BrowseNode:Keywords:Manufacturer:MaximumPrice:MerchantId:MinimumPrice:Title
Magazines, BrowseNode:Condition:ItemPage:Keywords:MaximumPrice:MerchantId:MinimumPrice:Publisher:Sort:Title
Marketplace, Availability:BrowseNode:Keywords:MaximumPrice:MinimumPrice:Sort:Title
Merchants, Keywords:Title:BrowseNode:Artist:Author:Actor:Director:AudienceRating:Manufacturer:MusicLabel:Composer:Publisher:Brand:Conductor:Orchestra
Miscellaneous, Brand:BrowseNode:Condition:ItemPage:Keywords:MaximumPrice:MerchantId:MinimumPrice:MinPercentageOff:Sort:Title
MobileApps, Availability:Author:Brand:BrowseNode:Keywords:Manufacturer:MaximumPrice:MerchantId:MinimumPrice:Sort:Title
MP3Downloads, Browsenode:Keyword:Title
Music, Artist:Availability:BrowseNode:Count:Format:ItemPage:Keywords:Magazines:MusicLabel:Performer:Sort:Title
MusicalInstruments, Availability:Brand:BrowseNode:Condition:Manufacturer:MaximumPrice:MerchantId:MinimumPrice:MinPercentageOff:ItemPage:Keywords:Sort:Title
MusicTracks, Condition:ItemPage:Keywords:MaximumPrice:MerchantId:MinimumPrice:Sort
OfficeProducts, Brand:BrowseNode:Condition:ItemPage:Keywords:Manufacturer:MaximumPrice:MerchantId:MinimumPrice:MinPercentageOff:Sort:Title
OutdoorLiving, Brand:BrowseNode:Condition:ItemPage:Keywords:Manufacturer:MaximumPrice:MerchantId:MinimumPrice:MinPercentageOff:Sort:Title
PCHardware, Brand:BrowseNode:Condition:Manufacturer:MaximumPrice:MerchantId:MinimumPrice:ItemPage:Keywords:Sort:Title
PetSupplies, Author:Brand:BrowseNode:Condition:Count:ItemPage:Keywords:Manufacturer:MaximumPrice:MerchantId:MinimumPrice:MinPercentageOff:Sort:Title
Photo, Brand:BrowseNode:Condition:Manufacturer:MaximumPrice:MerchantId:MinimumPrice:ItemPage:Keywords:Sort:Title
Shoes, Brand:BrowseNode:Condition:ItemPage:Keywords:Manufacturer:MaximumPrice:MerchantId:MinimumPrice:MinPercentageOff:Sort:Title
Software, Brand:BrowseNode:Condition:Manufacturer:MaximumPrice:MerchantId:MinimumPrice:MinPercentageOff:ItemPage:Keywords:Sort:Title
SportingGoods, Brand:BrowseNode:Condition:ItemPage:Keywords:Manufacturer:MaximumPrice:MerchantId:MinimumPrice:MinPercentageOff:Sort:Title
Tools, Brand:BrowseNode:Condition:ItemPage:Keywords:Manufacturer:MaximumPrice:MerchantId:MinimumPrice:MinPercentageOff:Sort:Title
Toys, BrowseNode:Condition:ItemPage:Keywords:MaximumPrice:MerchantId:MinimumPrice:MinPercentageOff:Sort:Title
UnboxVideo, Actor:BrowseNode:Condition:Director:ItemPage:Keywords:MaximumPrice:MerchantId:MinimumPrice:MPAARating:Publisher:Sort:Title
VHS, Actor:AudienceRating:Availability:BrowseNode:Count:Director:Format:ItemPage:Keywords:Magazines:Performer:Publisher:Sort:Title
Video, Actor:AudienceRating:Availability:BrowseNode:Count:Director:Format:ItemPage:Keywords:Magazines:Performer:Publisher:Sort:Title
VideoGames, Brand:BrowseNode:Condition:ItemPage:Keywords:Manufacturer:MaximumPrice:MerchantId:MinimumPrice:Sort:Title
Watches, BrowseNode:Condition:ItemPage:Keywords:MerchantId:MinimumPrice:MinPercentageOff:Sort:Title
Wireless, BrowseNode:Condition:ItemPage:Keywords:MaximumPrice:MerchantId:MinimumPrice:MinPercentageOff:Sort:Title
WirelessAccessories, BrowseNode:Condition:ItemPage:Keywords:MaximumPrice:MerchantId:MinimumPrice:MinPercentageOff:Sort:Title