Apparel, Author:Availability:Brand:BrowseNode:Condition:Count:Format:ItemPage:Keywords:Magazines:Manufacturer:Performer:Sort:Title
Automotive, Availability:Brand:BrowseNode:Keywords:Manufacturer:MaximumPrice:MinimumPrice:Sort:Title
Baby, Author:Availability:Brand:BrowseNode:Condition:Count:Format:ItemPage:Keywords:Magazines:Manufacturer:Performer:Sort:Title
Beauty, Brand:BrowseNode:Condition:Count:ItemPage:Keywords:MaximumPrice:MinimumPrice:Manufacturer:Sort:Title
Blended, Keywords
Books, Author:BrowseNode:Condition:ItemPage:Keywords:MaximumPrice:MinimumPrice:Power:Publisher:Sort:Title
Classical, Actor:Availability:BrowseNode:Composer:Conductor:Count:Format:ItemPage:Keywords:Magazines:MusicLabel:Orchestra:Performer:Sort:Title
DVD, Actor:AudienceRating:Availability:BrowseNode:Count:Director:Format:ItemPage:Keywords:Magazines:Performer:Publisher:Sort:Title
Electronics, Brand:BrowseNode:Condition:ItemPage:Keywords:Manufacturer:MaximumPrice:MinimumPrice:Sort:Title
Grocery, Availability:Brand:BrowseNode:MaximumPrice:MinimumPrice:Keywords:Sort:Title
HealthPersonalCare, Brand:BrowseNode:Condition:ItemPage:Brand:BrowseNode:Condition:ItemPage:Keywords:Manufacturer:MaximumPrice:MinimumPrice:Sort:Title
HomeGarden, Brand:BrowseNode:Condition:ItemPage:Keywords:Manufacturer:MaximumPrice:MinimumPrice:Sort:Title
Jewelry, Availability:BrowseNode:Keywords:Sort:Title
KindleStore, Author:Availability:BrowseNode:Keywords:MaximumPrice:MerchantId:MinimumPrice:Publisher:Sort:Title
Kitchen, Brand:BrowseNode:Condition:ItemPage:Keywords:Manufacturer:MaximumPrice:MinimumPrice:Sort:Title
Lighting, Availability:Brand:BrowseNode:Keywords:MaximumPrice:MinimumPrice:Sort:Title
Marketplace, Availability:BrowseNode:Keywords:MaximumPrice:MinimumPrice:Sort:Title
MP3Downloads, Author:Availability:BrowseNode:Count:ItemPage:Keywords:MaximumPrice:MinimumPrice:ResponseGroup:SearchIndex:Sort:Title
Music, Artist:Availability:BrowseNode:Count:Format:ItemPage:Keywords:Magazines:MusicLabel:Performer:Sort:Title
MusicalInstruments, Availability:Brand:BrowseNode:MaximumPrice:MinimumPrice:Keywords:Sort:Title
MusicTracks, Condition:ItemPage:Keywords:MaximumPrice:MinimumPrice:Sort
OfficeProducts, Availability:Brand:BrowseNode:Keywords:MaximumPrice:MinimumPrice:Sort:Title
OutdoorLiving, Brand:BrowseNode:Condition:ItemPage:Keywords:Manufacturer:MaximumPrice:MinimumPrice:Sort:Title
Outlet, Keywords
Shoes, Brand:BrowseNode:Condition:Count:ItemPage:Keywords:MaximumPrice:MinimumPrice:Manufacturer:Power:Sort:Title
Software, Brand:BrowseNode:Condition:ItemPage:Keywords:Manufacturer:MaximumPrice:MinimumPrice:Sort:Title
SoftwareVideoGames, Brand:BrowseNode:Condition:ItemPage:Keywords:Manufacturer:MaximumPrice:MinimumPrice:Sort:Title
Toys, BrowseNode:Condition:ItemPage:Keywords:MaximumPrice:MinimumPrice:Sort:Title
VHS, Actor:AudienceRating:Availability:BrowseNode:Count:Director:Format:ItemPage:Keywords:Magazines:Performer:Publisher:Sort:Title
Video, Actor:AudienceRating:Availability:BrowseNode:Count:Director:Format:ItemPage:Keywords:Magazines:Performer:Publisher:Sort:Title
VideoGames, Brand:BrowseNode:Condition:ItemPage:Keywords:Manufacturer:MaximumPrice:MinimumPrice:Sort:Title
Watches, BrowseNode:Condition:ItemPage:Keywords:MinimumPrice:Sort:Title