Apparel, Author:Availability:Brand:BrowseNode:Condition:Count:Format:ItemPage:Keywords:Magazines:Manufacturer:MerchantId:Performer:ReviewRank:Sort:Title
Automotive, Brand:BrowseNode:Condition:ItemPage:Keywords:Manufacturer:MaximumPrice:MerchantId:MinimumPrice:Sort:Title
Baby, Brand:BrowseNode:Condition:ItemPage:Keywords:Manufacturer:MaximumPrice:MerchantId:MinimumPrice:Sort:Title
Blended, Keywords
Beauty, Brand:BrowseNode:Condition:Count:ItemPage:Keywords:MaximumPrice:MinimumPrice:Manufacturer:MerchantId:Sort:Title
Books, Author:BrowseNode:Condition:ItemPage:Keywords:MaximumPrice:MerchantId:MinimumPrice:Power:Publisher:Sort:Title
Classical, Artist:Availability:BrowseNode:Composer:Conductor:Count:Format:ItemPage:Keywords:Magazines:MusicLabel:Orchestra:Performer:Sort:Title
DVD, Actor:Availability:BrowseNode:Composer:Conductor:Count:Format:ItemPage:Keywords:Magazines:MusicLabel:Orchestra:Performer:Sort:Title
Electronics, BrowseNode:Condition:ItemPage:Keywords:Manufacturer:MaximumPrice:MerchantId:MinimumPrice:Sort:Title
ForeignBooks, Author:BrowseNode:Condition:ItemPage:Keywords:MaximumPrice:MerchantId:MinimumPrice:Publisher:Sort:Title
Grocery, Availability:Brand:BrowseNode:MaximumPrice:MerchantId:MinimumPrice:Keywords:Sort:Title
HealthPersonalCare, BrowseNode:Condition:ItemPage:Keywords:Manufacturer:MaximumPrice:MerchantId:MinimumPrice:Sort:Title
HomeGarden, BrowseNode:Condition:ItemPage:Keywords:Manufacturer:MaximumPrice:MerchantId:MinimumPrice:Sort:Title
Jewelry, Availability:BrowseNode:Keywords:MerchantId:Sort:Title
KindleStore, Author:Availability:BrowseNode:Keywords:MaximumPrice:MerchantId:MinimumPrice:Publisher:Sort:Title
Kitchen, Author:Availability:Brand:BrowseNode:Condition:Count:Format:ItemPage:Keywords:Magazines:Manufacturer:MerchantId:Performer:Sort:Title
Lighting, Availability:Brand:BrowseNode:Keywords:MaximumPrice:MerchantId:MinimumPrice:Sort:Title
Magazines, BrowseNode:Condition:ItemPage:Keywords:MaximumPrice:MerchantId:MinimumPrice:Publisher:Sort:Title
Marketplace, Availability:BrowseNode:Keywords:MaximumPrice:MinimumPrice:Sort:Title
MP3Downloads, Availability:BrowseNode:Keywords:MaximumPrice:MerchantId:MinimumPrice:Sort:Title
Music, Artist:Availability:BrowseNode:Count:Format:ItemPage:Keywords:Magazines:MusicLabel:Performer:Sort:Title
MusicalInstruments, Availability:Brand:BrowseNode:MaximumPrice:MerchantId:MinimumPrice:Keywords:Sort:Title
MusicTracks, Condition:ItemPage:Keywords:MaximumPrice:MerchantId:MinimumPrice:Sort
OfficeProducts, Availability:Brand:BrowseNode:Keywords:MaximumPrice:MerchantId:MinimumPrice:Sort:Title
OutdoorLiving, BrowseNode:Condition:ItemPage:Keywords:Manufacturer:MaximumPrice:MerchantId:MinimumPrice:Sort:Title
Outlet, Keywords
PCHardware, BrowseNode:Condition:ItemPage:Keywords:Manufacturer:MaximumPrice:MerchantId:MinimumPrice:Sort:Title
Photo, BrowseNode:Condition:ItemPage:Keywords:Manufacturer:MaximumPrice:MerchantId:MinimumPrice:Sort:Title
Software, BrowseNode:Condition:ItemPage:Keywords:Manufacturer:MaximumPrice:MerchantId:MinimumPrice:Sort:Title
SoftwareVideoGames, BrowseNode:Condition:ItemPage:Keywords:Manufacturer:MaximumPrice:MerchantId:MinimumPrice:Sort:Title
SportingGoods, BrowseNode:Condition:ItemPage:Keywords:Manufacturer:MaximumPrice:MerchantId:MinimumPrice:Sort:Title
Tools, Condition:ItemPage:Keywords:MaximumPrice:MerchantId:MinimumPrice:Sort:Title
Toys, BrowseNode:Condition:Count:ItemPage:Keywords:Sort:MerchantId:Title
VHS, Actor:AudienceRating:Availability:BrowseNode:Count:Director:Format:ItemPage:Keywords:Magazines:Performer:Publisher:Sort:Title
Video, Actor:AudienceRating:Availability:BrowseNode:Count:Director:Format:ItemPage:Keywords:Magazines:Performer:Publisher:Sort:Title
VideoGames, BrowseNode:Condition:ItemPage:Keywords:Manufacturer:MaximumPrice:MerchantId:MinimumPrice:MPAARating:Sort:Title
Watches, BrowseNode:Condition:ItemPage:Keywords:MerchantId:MinimumPrice:Sort:Title